{"events": {"kickoff:espn_999": 1784390627.3854544, "goal:espn_999:pid:PLAY123": 1784390646.467422, "halftime:espn_999": 1784390665.5485651, "goal:espn_999:pid:PLAY456": 1784390684.6247537, "ft:espn_999": 1784390703.7018101, "motm:espn_999": 1784390703.702194}, "last_preview_date": ""}